id,name,keyword
all_pages,All advertisers,spinhappygames.com
141605722377747,55Ace Nut Sort 1101001,spinhappygames.com
869954336192557,Amnerisa VeliÄ‡,spinhappygames.com
143611492170344,Aydin Matt LaBricciosa,spinhappygames.com
693880350483605,Billie Burke,spinhappygames.com
179975755188655,Bryce Jake Kenney,spinhappygames.com
122099403824000878,Giordano Jessica Langston,spinhappygames.com
863772146817011,Judy Munoz,spinhappygames.com
823488074182776,Julie Ingram,spinhappygames.com
168603526330805,Kalafut Yang Luis,spinhappygames.com
805867462610288,Mandy Mason,spinhappygames.com
787672071098202,Mario Ortega,spinhappygames.com
747402428465838,Martha Chacon,spinhappygames.com
171628706028157,Mary Michael Peterson,spinhappygames.com
108400562127701,Pedro Morissette,spinhappygames.com
165838183268721,Pettoruto Michael Kyle,spinhappygames.com
103877305919413,Ricky Satterfield,spinhappygames.com
100740486239044,Rory O'Kon,spinhappygames.com
702992509568793,Rudolph Berry,spinhappygames.com
